timestamp,experiment_id,problem_id,dataset,agent_role,tier,model_name,router_type,input_tokens,output_tokens,latency_s,cost_usd,correct,f1,ground_truth,predicted,confidence,confidence_source,mean_logprob,routing_reason,escalated_from,response_text
2026-06-28T16:31:01.013146,hotpotqa_fixed_mixed,0,hotpotqa,analyzer,2,Groq/llama-3.3-70b-versatile,fixed_mixed,1322,205,1.05,0.000942,True,1.0,yes,Yes,0.6,lexical,,FixedMixed: analyzer → T2,,"To answer the question ""Were Scott Derrickson and Ed Wood of the same nationality?"", we need to identify the nationality of both individuals.   ### Sub-questions (Reasoning Hops): 1. What is the nationality of Scott Derrickson? 2. What is the nationality of Ed Wood?  ### Relevant Facts, Sentences, and Documents: - For Scott Derrickson's nationality:   - Document: Scott Derrickson   - Relevant sentence: ""Scott Derrickson (born July 16, 1966) is an American director, screenwriter and producer.""    - For Ed Wood's nationality:   - Document: Ed Wood   - Relevant sentence: ""Edward Davis Wood Jr. (October 10, 1924 – December 10, 1978) was an American filmmaker, actor, writer, producer, and director.""  These documents and sentences provide the necessary information to determine the nationality of both Scott Derrickson and Ed Wood, allowing us to answer the question by comparing their nationalities."
2026-06-28T16:31:01.018547,hotpotqa_fixed_mixed,0,hotpotqa,solver,4,GitHub/openai/gpt-4.1,fixed_mixed,1474,185,6.923,0.004428,True,1.0,yes,Yes,0.934,logprob,-0.0688,FixedMixed: solver → T4,,"Let's resolve each reasoning hop step-by-step:  ### Step 1: What is the nationality of Scott Derrickson? - From the ""Scott Derrickson"" document:     ""Scott Derrickson (born July 16, 1966) is an American director, screenwriter and producer."" - **Conclusion:** Scott Derrickson is American.  ### Step 2: What is the nationality of Ed Wood? - From the ""Ed Wood"" document:     ""Edward Davis Wood Jr. (October 10, 1924 – December 10, 1978) was an American filmmaker, actor, writer, producer, and director."" - **Conclusion:** Ed Wood is American.  ### Step 3: Compare their nationalities - Both Scott Derrickson and Ed Wood are described as American.  ### Final Answer: Yes, Scott Derrickson and Ed Wood were of the same nationality; both were American."
2026-06-28T16:31:01.019059,hotpotqa_fixed_mixed,0,hotpotqa,verifier,1,Ollama/gemma4:e4b,fixed_mixed,1668,399,9.442,7.4e-05,True,1.0,yes,Yes,0.9,lexical,,FixedMixed: verifier → T1,,"The reasoning provided is factually accurate and fully supported by the context documents.  Step 1 correctly identifies Scott Derrickson as American based on the ""Scott Derrickson"" document. Step 2 correctly identifies Ed Wood (Edward Davis Wood Jr.) as American based on the ""Ed Wood"" document. Step 3 accurately compares these findings, concluding they share the same nationality.  Final Answer: Yes"
2026-06-28T20:40:18.092039,hotpotqa_fixed_mixed,1,hotpotqa,analyzer,2,Groq/llama-3.3-70b-versatile,fixed_mixed,1437,257,5.128,0.001051,False,0.3,Chief of Protocol,"United States ambassador to Ghana, United States ambassador to Czechoslovakia, and Chief of Protocol of the United States",0.6,lexical,,FixedMixed: analyzer → T2,,"To answer the question, we need to identify the sub-questions (reasoning hops) and select the relevant facts, sentences, and documents from the context. Here's the structured analysis:  **Sub-questions (Reasoning Hops):**  1. Who portrayed Corliss Archer in the film Kiss and Tell? 2. What government position was held by the woman who portrayed Corliss Archer?  **Relevant Facts, Sentences, and Documents:**  For Hop 1: - Document: Kiss and Tell (1945 film) - Relevant Sentence: Kiss and Tell is a 1945 American comedy film starring then 17-year-old Shirley Temple as Corliss Archer. - Fact: Shirley Temple portrayed Corliss Archer in the film Kiss and Tell.  For Hop 2: - Document: Shirley Temple - Relevant Sentence: As an adult, she was named United States ambassador to Ghana and to Czechoslovakia and also served as Chief of Protocol of the United States. - Fact: Shirley Temple held government positions, including United States ambassador and Chief of Protocol of the United States.  The next step would be to use these relevant facts to answer the question by connecting the information about Shirley Temple's role in the film Kiss and Tell with her government positions."
2026-06-28T20:40:18.092474,hotpotqa_fixed_mixed,1,hotpotqa,solver,4,GitHub/openai/gpt-4.1,fixed_mixed,1632,246,4.682,0.005232,False,0.3,Chief of Protocol,"United States ambassador to Ghana, United States ambassador to Czechoslovakia, and Chief of Protocol of the United States",0.95,logprob,-0.0517,FixedMixed: solver → T4,,"Let's resolve the reasoning hops step-by-step:  **Hop 1: Who portrayed Corliss Archer in the film Kiss and Tell?**  - From the ""Kiss and Tell (1945 film)"" document:     ""Kiss and Tell is a 1945 American comedy film starring then 17-year-old Shirley Temple as Corliss Archer."" - **Conclusion:** Shirley Temple portrayed Corliss Archer in the film Kiss and Tell.  **Hop 2: What government position was held by the woman who portrayed Corliss Archer?**  - From the ""Shirley Temple"" document:     ""As an adult, she was named United States ambassador to Ghana and to Czechoslovakia and also served as Chief of Protocol of the United States."" - **Conclusion:** Shirley Temple held the positions of United States ambassador to Ghana, United States ambassador to Czechoslovakia, and Chief of Protocol of the United States.  **Final concise answer:**  The woman who portrayed Corliss Archer in the film Kiss and Tell, Shirley Temple, held the government positions of United States ambassador to Ghana, United States ambassador to Czechoslovakia, and Chief of Protocol of the United States."
2026-06-28T20:40:18.092701,hotpotqa_fixed_mixed,1,hotpotqa,verifier,1,Ollama/gemma4:e4b,fixed_mixed,1859,594,13.322,9.1e-05,False,0.3,Chief of Protocol,"United States ambassador to Ghana, United States ambassador to Czechoslovakia, and Chief of Protocol of the United States",0.9,lexical,,FixedMixed: verifier → T1,,"The reasoning is factually accurate.  Hop 1 correctly identifies Shirley Temple as the actress who portrayed Corliss Archer in *Kiss and Tell* (1945 film), citing the ""Kiss and Tell (1945 film)"" document.  Hop 2 correctly identifies the government positions held by Shirley Temple, citing the ""Shirley Temple"" document: United States ambassador to Ghana, United States ambassador to Czechoslovakia, and Chief of Protocol of the United States.  The final answer accurately combines these two pieces of information to answer the question.  Final Answer: United States ambassador to Ghana, United States ambassador to Czechoslovakia, and Chief of Protocol of the United States"
2026-06-30T22:10:24.609352,hotpotqa_fixed_mixed,2,hotpotqa,analyzer,2,Groq/llama-3.3-70b-versatile,fixed_mixed,1705,457,31.254,0.001367,True,1.0,Animorphs,Animorphs,0.6,lexical,,FixedMixed: analyzer → T2,,"To answer the given question, we need to identify the sub-questions (reasoning hops) and select the relevant facts, sentences, and documents from the context. Here's a structured analysis:  ### Sub-questions (Reasoning Hops)  1. **Identification of Genre and Target Audience**: What science fantasy series is targeted at young adults? 2. **Narration Style**: Is the series told in first person? 3. **Companion Books**: Does the series have companion books that narrate the stories of enslaved worlds and alien species?  ### Relevant Facts, Sentences, and Documents  - **Document: Animorphs**: This document is highly relevant as it mentions a science fantasy series targeted at young adults, told in first person, with multiple narrators. - **Document: The Hork-Bajir Chronicles**: This document is also relevant as it discusses a companion book to the ""Animorphs"" series, which involves the story of enslaved worlds (specifically, the Hork-Bajir) and alien species (like the Yeerks and Andalites). - **Document: Andre Norton Award**: While this document provides context on awards for young adult science fiction and fantasy, it does not directly relate to the specific details of the question about narration style and companion books. - **Other Documents**: Documents like ""Victoria Hanley"", ""Shadowshaper"", ""Left Behind: The Kids"", ""List of Square Enix companion books"", ""The Divide trilogy"", ""Science Fantasy (magazine)"", and ""Etiquette & Espionage"" do not directly address the specific criteria mentioned in the question (first-person narration, science fantasy genre, young adult target audience, and companion books about enslaved worlds and alien species).  ### Reasoning Path  1. Identify the genre and target audience: Science fantasy, young adult. 2. Determine the narration style: First person, with multiple narrators. 3. Find companion books that fit the criteria: Books that narrate stories of enslaved worlds and alien species.  By focusing on these aspects, we can narrow down the relevant information to primarily the ""Animorphs"" and ""The Hork-Bajir Chronicles"" documents, which provide the most direct answers to the sub-questions posed by the main question."
2026-06-30T22:10:24.610926,hotpotqa_fixed_mixed,2,hotpotqa,solver,4,GitHub/openai/gpt-4.1,fixed_mixed,2103,342,9.786,0.006942,True,1.0,Animorphs,Animorphs,0.873,logprob,-0.1361,FixedMixed: solver → T4,,"Let's resolve each reasoning hop step-by-step using the context documents:  ### Step 1: Identification of Genre and Target Audience - **Animorphs** is described as a ""science fantasy series of young adult books"" written by K. A. Applegate and published by Scholastic.  ### Step 2: Narration Style - The **Animorphs** series is ""told in first person, with all six main characters taking turns narrating the books through their own perspectives.""  ### Step 3: Companion Books Narrating Stories of Enslaved Worlds and Alien Species - **The Hork-Bajir Chronicles** is a companion book to the Animorphs series. It ""tells the story of how the Yeerks enslaved the Hork-Bajir, and how Aldrea, an Andalite, and her companion, Dak Hamee, a Hork-Bajir, tried to save their world from the invasion."" It is narrated from the points of view of Aldrea (an alien Andalite), Dak Hamee (a Hork-Bajir), and Esplin 9466 (a Yeerk), thus covering alien species and the theme of enslavement.  ### Synthesis - The Animorphs series fits all criteria: science fantasy, young adult, first-person narration, and companion books (like The Hork-Bajir Chronicles) that narrate the stories of enslaved worlds and alien species.  ---  **Final Answer:**   The science fantasy young adult series told in first person, with companion books narrating the stories of enslaved worlds and alien species, is **Animorphs** by K. A. Applegate."
2026-06-30T22:10:24.611330,hotpotqa_fixed_mixed,2,hotpotqa,verifier,1,Ollama/gemma4:e4b,fixed_mixed,2172,719,17.598,0.000108,True,1.0,Animorphs,Animorphs,0.9,lexical,,FixedMixed: verifier → T1,,"The reasoning is factually accurate and all steps are directly supported by the context documents.  Step 1 confirms *Animorphs* is a science fantasy young adult series. Step 2 confirms the first-person, rotating narration style of *Animorphs*. Step 3 identifies *The Hork-Bajir Chronicles* as a companion book to *Animorphs* that specifically details the enslavement of alien species (Hork-Bajir by Yeerks).  Final Answer: Animorphs"
2026-06-30T22:10:42.710289,hotpotqa_fixed_mixed,3,hotpotqa,analyzer,2,Groq/llama-3.3-70b-versatile,fixed_mixed,1157,497,2.633,0.001075,True,1.0,no,No,0.6,lexical,,FixedMixed: analyzer → T2,,"To answer the question ""Are the Laleli Mosque and Esma Sultan Mansion located in the same neighborhood?"", we need to identify the sub-questions (reasoning hops) required to answer the question and select the relevant facts, sentences, and documents from the context.  ### Sub-questions (Reasoning Hops):  1. **Location of Laleli Mosque**: Where is the Laleli Mosque located? 2. **Location of Esma Sultan Mansion**: Where is the Esma Sultan Mansion located? 3. **Comparison of Locations**: Are the locations of the Laleli Mosque and Esma Sultan Mansion the same?  ### Relevant Facts, Sentences, and Documents:  - **For Sub-question 1 (Location of Laleli Mosque)**:   - Document: Laleli Mosque   - Relevant Sentence: ""The Laleli Mosque (Turkish: ""Laleli Camii, or Tulip Mosque"" ) is an 18th-century Ottoman imperial mosque located in Laleli, Fatih, Istanbul, Turkey.""   - Fact: The Laleli Mosque is located in Laleli, Fatih, Istanbul, Turkey.  - **For Sub-question 2 (Location of Esma Sultan Mansion)**:   - Document: Esma Sultan Mansion   - Relevant Sentence: ""The Esma Sultan Mansion (Turkish: ""Esma Sultan Yalısı"" ), a historical yalı (English: waterside mansion ) located at Bosphorus in Ortaköy neighborhood of Istanbul, Turkey and named after its original owner Esma Sultan, is used today as a cultural center after being redeveloped.""   - Fact: The Esma Sultan Mansion is located in Ortaköy neighborhood of Istanbul, Turkey.  - **For Sub-question 3 (Comparison of Locations)**:   - This will involve comparing the locations identified in sub-questions 1 and 2 to determine if they are in the same neighborhood.  ### Structured Analysis:  To answer the main question, we need to follow these steps: 1. Identify the location of the Laleli Mosque. 2. Identify the location of the Esma Sultan Mansion. 3. Compare these locations to determine if they are in the same neighborhood.  The relevant documents for this analysis are the ""Laleli Mosque"" and ""Esma Sultan Mansion"" documents, which provide the necessary location information for each. The comparison step will require analyzing the neighborhood information provided in these documents."
2026-06-30T22:10:42.711425,hotpotqa_fixed_mixed,3,hotpotqa,solver,4,GitHub/openai/gpt-4.1,fixed_mixed,1585,299,7.02,0.005562,True,1.0,no,No,0.898,logprob,-0.1072,FixedMixed: solver → T4,,"Let's resolve each reasoning hop step-by-step:  ### Step 1: Location of Laleli Mosque - From the ""Laleli Mosque"" document:     ""The Laleli Mosque ... is an 18th-century Ottoman imperial mosque located in Laleli, Fatih, Istanbul, Turkey."" - **Fact:** Laleli Mosque is located in the Laleli neighborhood, which is in the Fatih district of Istanbul.  ### Step 2: Location of Esma Sultan Mansion - From the ""Esma Sultan Mansion"" document:     ""The Esma Sultan Mansion ... located at Bosphorus in Ortaköy neighborhood of Istanbul, Turkey ..."" - **Fact:** Esma Sultan Mansion is located in the Ortaköy neighborhood of Istanbul.  ### Step 3: Comparison of Locations - Laleli Mosque is in Laleli, Fatih, Istanbul. - Esma Sultan Mansion is in Ortaköy, Istanbul. - **Are these the same neighborhood?**   - Laleli and Ortaköy are distinct neighborhoods in Istanbul. Laleli is in the Fatih district, while Ortaköy is in the Beşiktaş district, along the Bosphorus.  ### Final Answer **No, the Laleli Mosque and Esma Sultan Mansion are not located in the same neighborhood. Laleli Mosque is in Laleli, Fatih, while Esma Sultan Mansion is in Ortaköy, Beşiktaş, Istanbul.**"
2026-06-30T22:10:42.712171,hotpotqa_fixed_mixed,3,hotpotqa,verifier,1,Ollama/gemma4:e4b,fixed_mixed,1564,306,8.445,6.5e-05,True,1.0,no,No,0.9,lexical,,FixedMixed: verifier → T1,,Final Answer: No
